Attributes,Adj Close,Close,High,Low,Open,Volume
Symbols,6654.TWO,6654.TWO,6654.TWO,6654.TWO,6654.TWO,6654.TWO
Date,,,,,,
2017-10-31,36.10663986206055,39.75149917602539,42.65010070800781,33.45759963989258,39.75149917602539,191129.0
2017-11-01,35.2341194152832,38.79090118408203,39.75149917602539,36.35609817504883,38.79090118408203,54579.0
2017-11-02,35.20405197143555,38.7578010559082,38.92340087890625,38.09519958496094,38.7578010559082,26604.0
2017-11-03,38.739463806152344,42.65010070800781,42.96480178833008,39.75149917602539,42.65010070800781,107504.0
2017-11-06,38.739463806152344,42.65010070800781,42.65010070800781,42.65010070800781,42.65010070800781,0.0
2017-11-07,38.36333084106445,42.236000061035156,42.236000061035156,42.236000061035156,42.236000061035156,4830.0
2017-11-08,37.98720169067383,41.8218994140625,42.236000061035156,40.99380111694336,41.8218994140625,25358.0
2017-11-09,37.98720169067383,41.8218994140625,42.236000061035156,41.407901763916016,41.8218994140625,51198.0
2017-11-10,38.288124084472656,42.1531982421875,42.236000061035156,41.407901763916016,42.1531982421875,52043.0
2017-11-13,46.637840270996094,51.34579849243164,54.91510009765625,42.236000061035156,51.34579849243164,141760.0
2017-11-14,46.261714935302734,50.93170166015625,51.594200134277344,49.27539825439453,50.93170166015625,83983.0
2017-11-15,49.48121643066406,54.476200103759766,54.476200103759766,50.93170166015625,54.476200103759766,164280.0
2017-11-16,49.87233352661133,54.90679931640625,55.784698486328125,53.499000549316406,54.90679931640625,152459.0
2017-11-17,50.02283477783203,55.0724983215332,55.90060043334961,53.416099548339844,55.0724983215332,89972.0
2017-11-20,45.885581970214844,50.517601013183594,55.0724983215332,48.86130142211914,50.517601013183594,103213.0
2017-11-21,46.261714935302734,50.93170166015625,50.93170166015625,49.68939971923828,50.93170166015625,14491.0
2017-11-22,44.00502014160156,48.447200775146484,49.68939971923828,48.447200775146484,48.447200775146484,40210.0
2017-11-23,45.885581970214844,50.517601013183594,50.517601013183594,50.517601013183594,50.517601013183594,1.0
2017-11-24,45.885581970214844,50.517601013183594,51.34579849243164,48.86130142211914,50.517601013183594,4831.0
2017-11-27,46.261714935302734,50.93170166015625,51.4286003112793,49.27539825439453,50.93170166015625,18114.0
2017-11-28,46.081138610839844,50.7328987121582,51.75979995727539,48.61280059814453,50.7328987121582,21737.0
2017-11-29,47.013885498046875,51.75979995727539,51.75979995727539,51.75979995727539,51.75979995727539,1.0
2017-11-30,47.013885498046875,51.75979995727539,51.75979995727539,51.75979995727539,51.75979995727539,0.0
2017-12-01,47.013885498046875,51.75979995727539,51.75979995727539,49.27539825439453,51.75979995727539,5073.0
2017-12-04,47.013885498046875,51.75979995727539,51.75979995727539,50.10350036621094,51.75979995727539,2416.0
2017-12-05,44.75727844238281,49.27539825439453,51.75979995727539,49.27539825439453,49.27539825439453,3746.0
2017-12-06,45.13331985473633,49.68939971923828,49.68939971923828,49.27539825439453,49.68939971923828,14732.0
2017-12-07,45.13331985473633,49.68939971923828,49.68939971923828,49.68939971923828,49.68939971923828,0.0
2017-12-08,45.238685607910156,49.80540084838867,52.5880012512207,48.389198303222656,49.80540084838867,50475.0
2017-12-11,45.50945281982422,50.10350036621094,50.10350036621094,47.61899948120117,50.10350036621094,25359.0
2017-12-12,45.13331985473633,49.68939971923828,49.68939971923828,48.03310012817383,49.68939971923828,6038.0
2017-12-13,44.75727844238281,49.27539825439453,49.27539825439453,45.96269989013672,49.27539825439453,43489.0
2017-12-14,42.8767204284668,47.20500183105469,48.84469985961914,46.79090118408203,47.20500183105469,7373.0
2017-12-15,41.372196197509766,45.54859924316406,47.20500183105469,45.54859924316406,45.54859924316406,3865.0
2017-12-18,40.996158599853516,45.13460159301758,46.1697998046875,44.72050094604492,45.13460159301758,27772.0
2017-12-19,40.996158599853516,45.13460159301758,45.54859924316406,44.72050094604492,45.13460159301758,28980.0
2017-12-20,40.620025634765625,44.72050094604492,45.96269989013672,44.72050094604492,44.72050094604492,8452.0
2017-12-21,40.620025634765625,44.72050094604492,44.72050094604492,44.72050094604492,44.72050094604492,0.0
2017-12-22,40.996158599853516,45.13460159301758,45.13460159301758,44.347801208496094,45.13460159301758,3622.0
2017-12-25,40.996158599853516,45.13460159301758,45.13460159301758,45.13460159301758,45.13460159301758,0.0
2017-12-26,43.546142578125,47.94200134277344,47.94200134277344,45.631500244140625,47.94200134277344,18238.0
2017-12-27,43.62889099121094,48.03310012817383,48.447200775146484,47.20500183105469,48.03310012817383,20537.0
2017-12-28,45.885581970214844,50.517601013183594,50.517601013183594,48.447200775146484,50.517601013183594,18117.0
2017-12-29,48.367897033691406,53.2504997253418,56.5630989074707,50.517601013183594,53.2504997253418,67655.0
2018-01-02,49.12016296386719,54.07870101928711,54.244300842285156,53.00210189819336,54.07870101928711,47097.0
2018-01-03,48.894447326660156,53.8302001953125,54.65840148925781,52.75360107421875,53.8302001953125,40458.0
2018-01-04,48.894447326660156,53.8302001953125,54.244300842285156,52.75360107421875,53.8302001953125,21737.0
2018-01-05,47.16438674926758,51.925498962402344,53.8302001953125,51.925498962402344,51.925498962402344,6040.0
2018-01-08,48.894447326660156,53.8302001953125,53.8302001953125,53.00210189819336,53.8302001953125,24152.0
2018-01-09,48.142276763916016,53.00210189819336,53.8302001953125,52.17390060424805,53.00210189819336,16248.0
2018-01-10,48.894447326660156,53.8302001953125,54.244300842285156,53.167701721191406,53.8302001953125,28985.0
2018-01-11,48.7440299987793,53.66460037231445,53.8302001953125,52.17390060424805,53.66460037231445,11.0
2018-01-12,48.443111419677734,53.33330154418945,54.07870101928711,53.33330154418945,53.33330154418945,10872.0
2018-01-15,48.518314361572266,53.416099548339844,54.492698669433594,53.08489990234375,53.416099548339844,43475.0
2018-01-16,50.39888000488281,55.48649978637695,55.90060043334961,53.8302001953125,55.48649978637695,50727.0
2018-01-17,49.64670944213867,54.65840148925781,55.73500061035156,54.65840148925781,54.65840148925781,19327.0
2018-01-18,50.02283477783203,55.0724983215332,55.48649978637695,54.4099006652832,55.0724983215332,47100.0
2018-01-19,50.17325210571289,55.23809814453125,55.73500061035156,55.0724983215332,55.23809814453125,15702.0
2018-01-22,50.77500915527344,55.90060043334961,55.90060043334961,55.23809814453125,55.90060043334961,43957.0
2018-01-23,50.39888000488281,55.48649978637695,55.73500061035156,55.48649978637695,55.48649978637695,15698.0
2018-01-24,50.474178314208984,55.569400787353516,55.569400787353516,55.320899963378906,55.569400787353516,2415.0
2018-01-25,50.474178314208984,55.569400787353516,55.569400787353516,55.569400787353516,55.569400787353516,0.0
2018-01-26,51.52727127075195,56.72880172729492,56.72880172729492,55.320899963378906,56.72880172729492,8634.0
2018-01-29,55.81494140625,61.44929885864258,61.490699768066406,56.48030090332031,61.44929885864258,122571.0
2018-01-30,53.558250427246094,58.96480178833008,62.11180114746094,58.799198150634766,58.96480178833008,52719.0
2018-01-31,53.783870697021484,59.213199615478516,59.213199615478516,58.13669967651367,59.213199615478516,33206.0
2018-02-01,54.536136627197266,60.04140090942383,60.04140090942383,59.62730026245117,60.04140090942383,14490.0
2018-02-02,58.67338943481445,64.59629821777344,67.90889739990234,60.455501556396484,64.59629821777344,103847.0
2018-02-05,55.06268310546875,60.62110137939453,63.02280044555664,60.455501556396484,60.62110137939453,47092.0
2018-02-06,53.1821174621582,58.55070114135742,62.360198974609375,58.13669967651367,58.55070114135742,50727.0
2018-02-07,56.61225509643555,62.32709884643555,62.32709884643555,60.455501556396484,62.32709884643555,4834.0
2018-02-08,55.66443634033203,61.283599853515625,61.283599853515625,60.455501556396484,61.283599853515625,8452.0
2018-02-09,55.288394927978516,60.869598388671875,61.283599853515625,58.799198150634766,60.869598388671875,61707.0
2018-02-12,55.288394927978516,60.869598388671875,60.869598388671875,60.869598388671875,60.869598388671875,0.0
2018-02-21,58.67338943481445,64.59629821777344,65.0103988647461,62.11180114746094,64.59629821777344,27774.0
2018-02-22,56.79282760620117,62.525901794433594,63.76810073852539,61.86330032348633,62.525901794433594,12079.0
2018-02-23,57.1689567565918,62.939998626708984,63.76810073852539,62.525901794433594,62.939998626708984,25358.0
2018-02-26,56.79282760620117,62.525901794433594,63.76810073852539,62.11180114746094,62.525901794433594,127995.0
2018-02-27,57.1689567565918,62.939998626708984,62.939998626708984,62.11180114746094,62.939998626708984,24150.0
2018-03-01,56.41669845581055,62.11180114746094,62.360198974609375,61.86330032348633,62.11180114746094,42262.0
2018-03-02,56.26628112792969,61.94620132446289,62.360198974609375,59.87580108642578,61.94620132446289,27781.0
2018-03-05,56.26628112792969,61.94620132446289,61.94620132446289,61.94620132446289,61.94620132446289,0.0
2018-03-06,55.06268310546875,60.62110137939453,60.869598388671875,60.455501556396484,60.62110137939453,4890.0
2018-03-07,55.10028076171875,60.662498474121094,61.11800003051758,60.662498474121094,60.662498474121094,13282.0
2018-03-08,55.66443634033203,61.283599853515625,61.69770050048828,61.11800003051758,61.283599853515625,56757.0
2018-03-09,56.040565490722656,61.69770050048828,61.69770050048828,61.283599853515625,61.69770050048828,14490.0
2018-03-12,56.79282760620117,62.525901794433594,62.939998626708984,61.69770050048828,62.525901794433594,100468.0
2018-03-13,57.1689567565918,62.939998626708984,62.939998626708984,62.360198974609375,62.939998626708984,18112.0
2018-03-14,56.41669845581055,62.11180114746094,62.360198974609375,62.11180114746094,62.11180114746094,3622.0
2018-03-15,56.41669845581055,62.11180114746094,62.11180114746094,62.11180114746094,62.11180114746094,0.0
2018-03-16,56.41669845581055,62.11180114746094,62.19459915161133,61.86330032348633,62.11180114746094,6038.0
2018-03-19,56.41669845581055,62.11180114746094,62.11180114746094,62.11180114746094,62.11180114746094,0.0
2018-03-20,56.040565490722656,61.69770050048828,62.11180114746094,61.69770050048828,61.69770050048828,16905.0
2018-03-21,54.91226577758789,60.455501556396484,61.69770050048828,60.455501556396484,60.455501556396484,18114.0
2018-03-22,56.040565490722656,61.69770050048828,61.94620132446289,61.69770050048828,61.69770050048828,4830.0
2018-03-23,56.26628112792969,61.94620132446289,62.360198974609375,61.532100677490234,61.94620132446289,18137.0
2018-03-26,54.91226577758789,60.455501556396484,62.11180114746094,60.455501556396484,60.455501556396484,19320.0
2018-03-27,55.89015197753906,61.532100677490234,61.532100677490234,60.62110137939453,61.532100677490234,7245.0
2018-03-28,56.41669845581055,62.11180114746094,62.360198974609375,62.11180114746094,62.11180114746094,8465.0
2018-03-29,56.26628112792969,61.94620132446289,61.94620132446289,60.538299560546875,61.94620132446289,1209.0
2018-03-30,56.26628112792969,61.94620132446289,61.94620132446289,61.94620132446289,61.94620132446289,1.0
2018-04-02,56.64231872558594,62.360198974609375,62.360198974609375,62.360198974609375,62.360198974609375,3622.0
2018-04-03,56.41669845581055,62.11180114746094,62.525901794433594,62.11180114746094,62.11180114746094,14611.0
2018-04-09,55.66443634033203,61.283599853515625,62.600399017333984,61.03519821166992,61.283599853515625,10868.0
2018-04-10,54.91226577758789,60.455501556396484,61.283599853515625,60.455501556396484,60.455501556396484,14490.0
2018-04-11,54.91226577758789,60.455501556396484,61.532100677490234,60.455501556396484,60.455501556396484,35018.0
2018-04-12,54.91226577758789,60.455501556396484,61.283599853515625,59.87580108642578,60.455501556396484,50715.0
2018-04-13,54.160003662109375,59.62730026245117,59.792999267578125,59.62730026245117,59.62730026245117,7245.0
2018-04-16,53.40782928466797,58.799198150634766,60.04140090942383,58.385101318359375,58.799198150634766,31455.0
2018-04-17,53.40782928466797,58.799198150634766,58.799198150634766,58.799198150634766,58.799198150634766,0.0
2018-04-18,53.03170394897461,58.385101318359375,60.869598388671875,58.385101318359375,58.385101318359375,50715.0
2018-04-19,54.536136627197266,60.04140090942383,60.455501556396484,60.04140090942383,60.04140090942383,12075.0
2018-04-20,54.91226577758789,60.455501556396484,60.70389938354492,59.62730026245117,60.455501556396484,80902.0
2018-04-23,55.13788986206055,60.70389938354492,60.70389938354492,60.70389938354492,60.70389938354492,4830.0
2018-04-24,54.160003662109375,59.62730026245117,60.70389938354492,59.62730026245117,59.62730026245117,19634.0
2018-04-25,55.66443634033203,61.283599853515625,61.283599853515625,59.792999267578125,61.283599853515625,97808.0
2018-04-26,55.81494140625,61.44929885864258,61.532100677490234,61.283599853515625,61.44929885864258,18112.0
2018-04-27,59.425559997558594,65.42440032958984,66.66670227050781,61.44929885864258,65.42440032958984,226385.0
2018-04-30,62.05838394165039,68.322998046875,69.1511001586914,65.8385009765625,68.322998046875,95714.0
2018-05-02,61.306121826171875,67.49479675292969,69.1511001586914,67.49479675292969,67.49479675292969,121822.0
2018-05-03,72.21337127685547,79.50309753417969,81.1594009399414,67.90889739990234,79.50309753417969,159619.0
2018-05-04,71.08506774902344,78.26090240478516,82.40170288085938,76.60459899902344,78.26090240478516,154983.0
2018-05-07,68.07611083984375,74.94819641113281,77.01860046386719,74.12010192871094,74.94819641113281,95755.0
2018-05-08,69.95667266845703,77.01860046386719,77.43270111083984,74.5342025756836,77.01860046386719,16144.0
2018-05-09,69.95667266845703,77.01860046386719,77.43270111083984,74.69979858398438,77.01860046386719,8936.0
2018-05-10,71.46110534667969,78.67489624023438,79.08899688720703,76.41410064697266,78.67489624023438,74140.0
2018-05-11,71.46110534667969,78.67489624023438,79.08899688720703,75.61080169677734,78.67489624023438,572246.0
2018-05-14,69.95667266845703,77.01860046386719,79.08899688720703,77.01860046386719,77.01860046386719,695762.0
2018-05-15,70.78414916992188,77.92960357666016,79.0062026977539,77.59829711914062,77.92960357666016,582021.0
2018-05-16,78.98336029052734,86.95649719238281,86.95649719238281,77.8468017578125,86.95649719238281,1006491.0
2018-05-17,93.27605438232422,102.69200134277344,102.69200134277344,85.30020141601562,102.69200134277344,725949.0
2018-05-18,85.75334167480469,94.40989685058594,103.5199966430664,90.26909637451172,94.40989685058594,359932.0
2018-05-21,86.12947845458984,94.8239974975586,100.20700073242188,91.09729766845703,94.8239974975586,187694.0
2018-05-22,91.01890563964844,100.20700073242188,108.48899841308594,90.26909637451172,100.20700073242188,977063.0
2018-05-23,97.03644561767578,106.83200073242188,107.66000366210938,96.89440155029297,106.83200073242188,311393.0
2018-05-24,98.16547393798828,108.07499694824219,108.48899841308594,103.5199966430664,108.07499694824219,158160.0
2018-05-25,99.2936019897461,109.31700134277344,110.1449966430664,106.00399780273438,109.31700134277344,187112.0
2018-05-28,107.5673828125,118.4260025024414,118.4260025024414,109.31700134277344,118.4260025024414,543143.0
2018-05-29,108.32036590576172,119.25499725341797,122.56700134277344,115.11399841308594,119.25499725341797,337590.0
2018-05-30,104.93509674072266,115.52799987792969,115.94200134277344,110.1449966430664,115.52799987792969,173315.0
2018-05-31,108.32036590576172,119.25499725341797,120.91100311279297,113.45800018310547,119.25499725341797,332939.0
2018-06-01,107.5673828125,118.4260025024414,120.08300018310547,115.11399841308594,118.4260025024414,133768.0
2018-06-04,111.32868957519531,122.56700134277344,126.70800018310547,117.5979995727539,122.56700134277344,412149.0
2018-06-05,111.32868957519531,122.56700134277344,128.36399841308594,118.4260025024414,122.56700134277344,356580.0
2018-06-06,104.55906677246094,115.11399841308594,123.3949966430664,113.45800018310547,115.11399841308594,208947.0
2018-06-07,110.95265197753906,122.15299987792969,122.15299987792969,115.11399841308594,122.15299987792969,259076.0
2018-06-08,111.32868957519531,122.56700134277344,123.3949966430664,118.4260025024414,122.56700134277344,173134.0
2018-06-11,120.35546875,132.5050048828125,132.5050048828125,124.2239990234375,132.5050048828125,737533.0
2018-06-12,115.84207916259766,127.53600311279297,132.5050048828125,120.08300018310547,127.53600311279297,662903.0
2018-06-13,109.07244873046875,120.08300018310547,128.36399841308594,119.25499725341797,120.08300018310547,218143.0
2018-06-14,105.31114196777344,115.94200134277344,124.2239990234375,115.94200134277344,115.94200134277344,227504.0
2018-06-15,107.5673828125,118.4260025024414,120.91100311279297,112.62899780273438,118.4260025024414,156224.0
2018-06-19,112.83375549316406,124.2239990234375,124.2239990234375,115.6520004272461,124.2239990234375,184415.0
2018-06-20,107.5673828125,118.4260025024414,124.2239990234375,116.7699966430664,118.4260025024414,87009.0
2018-06-21,110.57660675048828,121.73899841308594,122.56700134277344,117.5979995727539,121.73899841308594,35667.0
2018-06-22,107.5673828125,118.4260025024414,122.56700134277344,115.94200134277344,118.4260025024414,60312.0
2018-06-25,105.68718719482422,116.35600280761719,120.08300018310547,114.28600311279297,116.35600280761719,153705.0
2018-06-26,105.31114196777344,115.94200134277344,116.7699966430664,111.8010025024414,115.94200134277344,113209.0
2018-06-27,103.8069839477539,114.28600311279297,117.5979995727539,112.62899780273438,114.28600311279297,131894.0
2018-06-28,105.30387115478516,115.93399810791016,115.94200134277344,112.62899780273438,115.93399810791016,87691.0
2018-06-29,101.62522888183594,111.88400268554688,114.2770004272461,111.8010025024414,111.88400268554688,30704.0
2018-07-02,106.80803680419922,117.58999633789062,119.24600219726562,113.4489974975586,117.58999633789062,176163.0
2018-07-03,106.05595397949219,116.76200103759766,120.08300018310547,111.80999755859375,116.76200103759766,95174.0
2018-07-04,106.05595397949219,116.76200103759766,116.76200103759766,114.45099639892578,116.76200103759766,48002.0
2018-07-05,108.31219482421875,119.24600219726562,120.08300018310547,115.7760009765625,119.24600219726562,242263.0
2018-07-06,104.93509674072266,115.52799987792969,120.07499694824219,112.63800048828125,115.52799987792969,73125.0
2018-07-09,105.68718719482422,116.35600280761719,118.41799926757812,115.52799987792969,116.35600280761719,126143.0
2018-07-10,115.16876220703125,125.70500183105469,125.70500183105469,117.61900329589844,125.70500183105469,211343.0
2018-07-11,117.78629302978516,128.56199645996094,131.31399536132812,122.85700225830078,128.56199645996094,86099.0
2018-07-12,118.65850830078125,129.51400756835938,129.99000549316406,123.81900024414062,129.51400756835938,29422.0
2018-07-13,114.29563903808594,124.75199890136719,129.51400756835938,119.43800354003906,124.75199890136719,60890.0
2018-07-16,112.4376220703125,122.7239990234375,130.32400512695312,121.53299713134766,122.7239990234375,114872.0
2018-07-17,101.13742065429688,110.38999938964844,123.80999755859375,109.05699920654297,110.38999938964844,347235.0
2018-07-18,101.39120483398438,110.66699981689453,115.23799896240234,109.7239990234375,110.66699981689453,103860.0
2018-07-19,104.59326171875,114.16200256347656,116.1709976196289,111.97100067138672,114.16200256347656,61538.0
2018-07-20,102.41182708740234,111.78099822998047,115.23799896240234,110.03800201416016,111.78099822998047,32762.0
2018-07-23,103.85115051269531,113.35199737548828,113.80999755859375,109.78099822998047,113.35199737548828,44734.0
2018-07-24,103.28404235839844,112.73300170898438,113.71399688720703,111.552001953125,112.73300170898438,20479.0
2018-07-25,102.96154022216797,112.38099670410156,113.69499969482422,112.38099670410156,112.38099670410156,14072.0
2018-07-26,105.91072845458984,115.5999984741211,115.5999984741211,113.1709976196289,115.5999984741211,99354.0
2018-07-27,105.57907104492188,115.23799896240234,118.09500122070312,114.28600311279297,115.23799896240234,17139.0
2018-07-30,105.57907104492188,115.23799896240234,117.98100280761719,113.34300231933594,115.23799896240234,137362.0
2018-07-31,103.59004211425781,113.06700134277344,116.07599639892578,112.02899932861328,113.06700134277344,115057.0
2018-08-01,102.96154022216797,112.38099670410156,115.1050033569336,111.68599700927734,112.38099670410156,55666.0
2018-08-02,100.68390655517578,109.8949966430664,112.8479995727539,108.58100128173828,109.8949966430664,66888.0
2018-08-03,95.98114776611328,104.76200103759766,113.33300018310547,99.04759979248047,104.76200103759766,178328.0
2018-08-06,95.45709228515625,104.19000244140625,105.09500122070312,101.34300231933594,104.19000244140625,55813.0
2018-08-07,94.52349853515625,103.1709976196289,103.80999755859375,100.64800262451172,103.1709976196289,43734.0
2018-08-08,93.22343444824219,101.75199890136719,103.80999755859375,100.9520034790039,101.75199890136719,64891.0
2018-08-09,90.74571228027344,99.04759979248047,102.85700225830078,97.14289855957031,99.04759979248047,83215.0
2018-08-10,86.3829345703125,94.28569793701172,100.0,91.43810272216797,94.28569793701172,224416.0
2018-08-13,76.28752136230469,83.2667007446289,92.38099670410156,80.9905014038086,83.2667007446289,192368.0
2018-08-14,75.90354919433594,82.84760284423828,84.28569793701172,73.95240020751953,82.84760284423828,274549.0
2018-08-15,75.26661682128906,82.15239715576172,83.80950164794922,77.61900329589844,82.15239715576172,204348.0
2018-08-16,78.76551818847656,85.97139739990234,85.98090362548828,76.19049835205078,85.97139739990234,142489.0
2018-08-17,88.40724182128906,96.49520111083984,97.43810272216797,84.50479888916016,96.49520111083984,240556.0
2018-08-20,88.12808227539062,96.19049835205078,103.24800109863281,94.94290161132812,96.19049835205078,194971.0
2018-08-21,88.72139739990234,96.83809661865234,98.40950012207031,94.93329620361328,96.83809661865234,49295.0
2018-08-22,86.81922912597656,94.76190185546875,95.71430206298828,94.45709991455078,94.76190185546875,46774.0
2018-08-23,86.3829345703125,94.28569793701172,95.54290008544922,93.83809661865234,94.28569793701172,11657.0
2018-08-24,86.65339660644531,94.58090209960938,95.54290008544922,93.9905014038086,94.58090209960938,20476.0
2018-08-27,88.12808227539062,96.19049835205078,96.19049835205078,94.94290161132812,96.19049835205078,10448.0
2018-08-28,89.00065612792969,97.14289855957031,97.44760131835938,95.33329772949219,97.14289855957031,38243.0
2018-08-29,87.34272766113281,95.33329772949219,97.44760131835938,95.02860260009766,95.33329772949219,13810.0
2018-08-30,89.00065612792969,97.14289855957031,97.14289855957031,95.23809814453125,97.14289855957031,16800.0
2018-08-31,87.53475952148438,95.54290008544922,97.44760131835938,94.4666976928711,95.54290008544922,23469.0
2018-09-03,84.20159912109375,91.90480041503906,95.54290008544922,91.43810272216797,91.90480041503906,25695.0
2018-09-04,83.59077453613281,91.23809814453125,91.90480041503906,90.19049835205078,91.23809814453125,30135.0
2018-09-05,86.37423706054688,94.27619934082031,94.27619934082031,91.42859649658203,94.27619934082031,38230.0
2018-09-06,85.77212524414062,93.61900329589844,95.23809814453125,92.08570098876953,93.61900329589844,26493.0
2018-09-07,82.89273834228516,90.4761962890625,92.85710144042969,90.19049835205078,90.4761962890625,61876.0
2018-09-10,81.14759826660156,88.57140350341797,89.5238037109375,88.57140350341797,88.57140350341797,22680.0
2018-09-11,81.58387756347656,89.04759979248047,89.5238037109375,87.61900329589844,89.04759979248047,16539.0
2018-09-12,81.36573791503906,88.80950164794922,89.5238037109375,86.66670227050781,88.80950164794922,16499.0
2018-09-13,81.40065002441406,88.84760284423828,88.84760284423828,86.86669921875,88.84760284423828,12706.0
2018-09-14,80.46704864501953,87.82859802246094,90.4761962890625,87.80950164794922,87.82859802246094,28806.0
2018-09-17,81.40065002441406,88.84760284423828,89.5238037109375,88.57140350341797,88.84760284423828,22365.0
2018-09-18,80.2750244140625,87.61900329589844,89.51429748535156,87.61900329589844,87.61900329589844,21464.0
2018-09-19,79.65559387207031,86.94290161132812,88.08570098876953,86.3905029296875,86.94290161132812,50150.0
2018-09-20,82.28192138671875,89.80950164794922,89.80950164794922,87.61900329589844,89.80950164794922,73396.0
2018-09-21,81.32212829589844,88.76190185546875,89.51429748535156,87.82859802246094,88.76190185546875,14764.0
2018-09-25,83.32902526855469,90.95240020751953,90.95240020751953,88.57140350341797,90.95240020751953,59229.0
2018-09-26,82.00276184082031,89.50479888916016,90.0,88.57140350341797,89.50479888916016,42722.0
2018-09-27,77.04657745361328,84.09519958496094,89.78099822998047,82.86669921875,84.09519958496094,139259.0
2018-09-28,73.73091125488281,80.4761962890625,84.76190185546875,75.71430206298828,80.4761962890625,506416.0
2018-10-01,72.60528564453125,79.24759674072266,81.18090057373047,78.86669921875,79.24759674072266,71108.0
2018-10-02,74.39404296875,81.19999694824219,81.70480346679688,80.0,81.19999694824219,201229.0
2018-10-03,76.36603546142578,83.35240173339844,85.19999694824219,80.83809661865234,83.35240173339844,180943.0
2018-10-04,73.51276397705078,80.23809814453125,83.80950164794922,80.0,80.23809814453125,70766.0
2018-10-05,71.54947662353516,78.09519958496094,81.42859649658203,77.65709686279297,78.09519958496094,86562.0
2018-10-08,70.67699432373047,77.14289855957031,79.57140350341797,77.14289855957031,77.14289855957031,35070.0
2018-10-09,70.8951416015625,77.38099670410156,77.85710144042969,76.18090057373047,77.38099670410156,71416.0
2018-10-11,66.9598617553711,73.08570098876953,77.3905029296875,72.14289855957031,73.08570098876953,207897.0
2018-10-12,68.23381042480469,74.4761962890625,74.56189727783203,72.19049835205078,74.4761962890625,107784.0
2018-10-15,67.71031188964844,73.90480041503906,74.5238037109375,71.43810272216797,73.90480041503906,72862.0
2018-10-16,72.64019775390625,79.28569793701172,80.54290008544922,73.90480041503906,79.28569793701172,208294.0
2018-10-17,69.80442810058594,76.19049835205078,85.71430206298828,74.05709838867188,76.19049835205078,236460.0
2018-10-18,68.74861907958984,75.03810119628906,76.66670227050781,73.80950164794922,75.03810119628906,121118.0
2018-10-19,69.14999389648438,75.4761962890625,75.4761962890625,72.85710144042969,75.4761962890625,63010.0
2018-10-22,71.62799835205078,78.18090057373047,78.18090057373047,73.33329772949219,78.18090057373047,83235.0
2018-10-23,64.65630340576172,70.57140350341797,71.04759979248047,69.5238037109375,70.95240020751953,1385895.0
2018-10-24,65.441650390625,71.42859649658203,73.23809814453125,70.76190185546875,71.42859649658203,919963.0
2018-10-25,62.82394027709961,68.57140350341797,69.33329772949219,64.76190185546875,64.76190185546875,576602.0
2018-10-26,62.64949417114258,68.38099670410156,69.71430206298828,66.4761962890625,68.57140350341797,317737.0
2018-10-29,59.59549331665039,65.04759979248047,68.09519958496094,64.76190185546875,67.61900329589844,220424.0
2018-10-30,56.54158020019531,61.714298248291016,65.14289855957031,60.476200103759766,65.04759979248047,334443.0
2018-10-31,60.64259719848633,66.19049835205078,66.28569793701172,62.19049835205078,62.19049835205078,443058.0
2018-11-01,61.95137023925781,67.61900329589844,67.80950164794922,63.80950164794922,66.09519958496094,428610.0
2018-11-02,65.17990112304688,71.14289855957031,71.23809814453125,67.33329772949219,70.4761962890625,794223.0
2018-11-05,64.91806030273438,70.85710144042969,70.85710144042969,68.85710144042969,69.80950164794922,325284.0
2018-11-06,64.39454650878906,70.28569793701172,71.23809814453125,68.76190185546875,70.57140350341797,610208.0
2018-11-07,64.56907653808594,70.4761962890625,70.85710144042969,69.5238037109375,70.76190185546875,320512.0
2018-11-08,63.60928726196289,69.42859649658203,71.33329772949219,69.23809814453125,70.95240020751953,280351.0
2018-11-09,63.87104415893555,69.71430206298828,70.85710144042969,65.80950164794922,66.85710144042969,590256.0
2018-11-12,61.95137023925781,67.61900329589844,68.28569793701172,66.85710144042969,68.19049835205078,231887.0
2018-11-13,61.427860260009766,67.04759979248047,67.5238037109375,65.5238037109375,66.66670227050781,141435.0
2018-11-14,61.34063720703125,66.95240020751953,67.80950164794922,66.19049835205078,67.80950164794922,134400.0
2018-11-15,61.427860260009766,67.04759979248047,67.23809814453125,66.19049835205078,66.85710144042969,54685.0
2018-11-16,61.95137023925781,67.61900329589844,68.19049835205078,67.23809814453125,68.09519958496094,150202.0
2018-11-19,60.9915771484375,66.57140350341797,68.0,66.57140350341797,68.0,77805.0
2018-11-20,60.64259719848633,66.19049835205078,66.4761962890625,65.42859649658203,66.09519958496094,70350.0
2018-11-21,60.8171272277832,66.38099670410156,66.38099670410156,65.71430206298828,66.19049835205078,67200.0
2018-11-22,61.078887939453125,66.66670227050781,67.14289855957031,66.19049835205078,66.66670227050781,94720.0
2018-11-23,60.11900329589844,65.61900329589844,67.5238037109375,65.61900329589844,67.5238037109375,84000.0
2018-11-26,60.11900329589844,65.61900329589844,66.66670227050781,64.95240020751953,65.61900329589844,98700.0
2018-11-27,61.078887939453125,66.66670227050781,66.66670227050781,65.33329772949219,65.61900329589844,85580.0
2018-11-28,61.078887939453125,66.66670227050781,67.04759979248047,65.90480041503906,67.04759979248047,144218.0
2018-11-29,61.253326416015625,66.85710144042969,67.42859649658203,66.4761962890625,67.04759979248047,129202.0
2018-11-30,60.64259719848633,66.19049835205078,66.85710144042969,65.5238037109375,66.85710144042969,108423.0
2018-12-03,63.521976470947266,69.33329772949219,71.23809814453125,67.23809814453125,67.33329772949219,384510.0
2018-12-04,61.776920318603516,67.42859649658203,69.23809814453125,66.85710144042969,68.95240020751953,336892.0
2018-12-05,60.72981643676758,66.28569793701172,66.85710144042969,65.42859649658203,66.0,127208.0
2018-12-06,58.4611701965332,63.80950164794922,66.66670227050781,63.04759979248047,66.28569793701172,239085.0
2018-12-07,58.4611701965332,63.80950164794922,65.42859649658203,63.33330154418945,65.42859649658203,68316.0
2018-12-10,57.326839447021484,62.5713996887207,64.19049835205078,62.0,62.0,91587.0
2018-12-11,58.19941329956055,63.523799896240234,64.19049835205078,63.23809814453125,63.23809814453125,71400.0
2018-12-12,58.63570022583008,64.0,64.28569793701172,63.523799896240234,64.28569793701172,107100.0
2018-12-13,58.54848098754883,63.90480041503906,64.4761962890625,63.61899948120117,64.0,107500.0
2018-12-14,58.2866325378418,63.61899948120117,63.90480041503906,63.33330154418945,63.90480041503906,88378.0
2018-12-17,58.2866325378418,63.61899948120117,64.19049835205078,62.95240020751953,64.19049835205078,53032.0
2018-12-18,57.239620208740234,62.476200103759766,63.4286003112793,62.38100051879883,63.04759979248047,82143.0
2018-12-19,57.152400970458984,62.38100051879883,63.33330154418945,62.09519958496094,63.33330154418945,54842.0
2018-12-20,55.84354019165039,60.95240020751953,62.38100051879883,60.66669845581055,62.38100051879883,108206.0
2018-12-21,55.494476318359375,60.5713996887207,60.95240020751953,60.476200103759766,60.66669845581055,76965.0
2018-12-24,55.581787109375,60.66669845581055,61.14289855957031,60.476200103759766,60.5713996887207,42210.0
2018-12-25,54.09839630126953,59.04759979248047,60.476200103759766,58.09519958496094,59.61899948120117,74655.0
2018-12-26,52.61509704589844,57.4286003112793,59.523799896240234,57.4286003112793,58.85710144042969,112508.0
2018-12-27,53.22582244873047,58.09519958496094,59.714298248291016,58.0,59.04759979248047,109200.0
2018-12-28,53.400360107421875,58.285701751708984,58.66669845581055,57.80950164794922,58.38100051879883,77805.0
2019-01-02,53.749420166015625,58.66669845581055,60.38100051879883,58.476200103759766,60.38100051879883,192150.0
2019-01-03,54.44746398925781,59.4286003112793,59.61899948120117,58.38100051879883,58.66669845581055,179750.0
2019-01-04,53.662109375,58.5713996887207,58.66669845581055,57.714298248291016,58.476200103759766,91308.0
2019-01-07,53.749420166015625,58.66669845581055,58.95240020751953,58.285701751708984,58.85710144042969,108150.0
2019-01-08,53.313133239746094,58.19049835205078,58.5713996887207,57.90480041503906,58.5713996887207,39081.0
2019-01-09,54.272926330566406,59.23809814453125,59.714298248291016,58.19049835205078,58.19049835205078,121800.0
2019-01-10,53.83664321899414,58.76190185546875,59.61899948120117,58.76190185546875,59.14289855957031,57099.0
2019-01-11,53.749420166015625,58.66669845581055,59.33330154418945,58.285701751708984,59.14289855957031,69720.0
2019-01-14,53.05138397216797,57.90480041503906,58.66669845581055,57.80950164794922,58.66669845581055,86113.0
2019-01-15,53.313133239746094,58.19049835205078,58.476200103759766,57.61899948120117,57.61899948120117,60900.0
2019-01-16,53.923866271972656,58.85710144042969,59.14289855957031,58.09519958496094,58.19049835205078,139572.0
2019-01-17,58.4611701965332,63.80950164794922,64.57140350341797,59.04759979248047,59.04759979248047,707280.0
2019-01-18,56.36704635620117,61.523799896240234,63.04759979248047,60.95240020751953,62.85710144042969,288961.0
2019-01-21,56.62880325317383,61.80950164794922,62.38100051879883,61.23809814453125,61.80950164794922,116550.0
2019-01-22,56.54158020019531,61.714298248291016,62.0,60.95240020751953,61.80950164794922,94051.0
2019-01-23,56.01807403564453,61.14289855957031,61.61899948120117,60.95240020751953,61.61899948120117,92451.0
2019-01-24,55.232723236083984,60.285701751708984,61.61899948120117,60.19049835205078,61.61899948120117,115710.0
2019-01-25,55.494476318359375,60.5713996887207,60.5713996887207,60.38100051879883,60.476200103759766,76771.0
2019-01-28,55.581787109375,60.66669845581055,61.523799896240234,60.66669845581055,60.85710144042969,66229.0
2019-01-29,55.232723236083984,60.285701751708984,61.4286003112793,60.0,61.4286003112793,51566.0
2019-01-30,55.32003402709961,60.38100051879883,60.38100051879883,59.90480041503906,60.285701751708984,24213.0
2019-02-11,55.84354019165039,60.95240020751953,61.23809814453125,60.09519958496094,60.76190185546875,107125.0
2019-02-12,57.326839447021484,62.5713996887207,63.23809814453125,61.523799896240234,61.714298248291016,250005.0
2019-02-13,58.54848098754883,63.90480041503906,64.09519958496094,62.38100051879883,63.33330154418945,284918.0
2019-02-14,61.95137023925781,67.61900329589844,69.14289855957031,63.33330154418945,64.4761962890625,720881.0
2019-02-15,60.8171272277832,66.38099670410156,69.33329772949219,65.80950164794922,67.61900329589844,517085.0
2019-02-18,58.984764099121094,64.38099670410156,65.33329772949219,63.80950164794922,65.33329772949219,350175.0
2019-02-19,59.071983337402344,64.4761962890625,64.95240020751953,64.19049835205078,64.19049835205078,183961.0
2019-02-20,59.159210205078125,64.57140350341797,65.04759979248047,64.4761962890625,64.4761962890625,150254.0
2019-02-21,58.89745330810547,64.28569793701172,64.66670227050781,63.33330154418945,64.66670227050781,141592.0
2019-02-22,60.11900329589844,65.61900329589844,66.19049835205078,64.28569793701172,65.5238037109375,317373.0
2019-02-25,62.64949417114258,68.38099670410156,69.14289855957031,67.04759979248047,67.04759979248047,615744.0
2019-02-26,61.95137023925781,67.61900329589844,68.4761962890625,67.14289855957031,67.90480041503906,254898.0
2019-02-27,61.51517105102539,67.14289855957031,68.09519958496094,66.38099670410156,67.61900329589844,165102.0
2019-03-04,61.60239028930664,67.23809814453125,67.71430206298828,66.95240020751953,67.42859649658203,77910.0
2019-03-05,61.60239028930664,67.23809814453125,67.33329772949219,66.76190185546875,66.95240020751953,112350.0
2019-03-06,61.427860260009766,67.04759979248047,67.5238037109375,66.85710144042969,67.23809814453125,97020.0
2019-03-07,61.60239028930664,67.23809814453125,68.19049835205078,67.04759979248047,67.04759979248047,157940.0
2019-03-08,60.8171272277832,66.38099670410156,67.04759979248047,66.19049835205078,67.04759979248047,106111.0
2019-03-11,59.944557189941406,65.42859649658203,65.80950164794922,64.76190185546875,65.33329772949219,199552.0
2019-03-12,59.944557189941406,65.42859649658203,65.80950164794922,65.23809814453125,65.42859649658203,99752.0
2019-03-13,59.420963287353516,64.85710144042969,65.5238037109375,64.57140350341797,65.5238037109375,179907.0
2019-03-14,60.38084411621094,65.90480041503906,65.90480041503906,64.85710144042969,64.85710144042969,119805.0
2019-03-15,61.427860260009766,67.04759979248047,68.09519958496094,66.85710144042969,67.04759979248047,329193.0
2019-03-18,62.30043029785156,68.0,68.28569793701172,67.61900329589844,67.61900329589844,234885.0
2019-03-19,62.21321105957031,67.90480041503906,68.38099670410156,67.14289855957031,68.28569793701172,164444.0
2019-03-20,62.30043029785156,68.0,68.0,67.61900329589844,68.0,122938.0
2019-03-21,62.21321105957031,67.90480041503906,68.38099670410156,67.61900329589844,68.28569793701172,175258.0
2019-03-22,62.12590026855469,67.80950164794922,68.38099670410156,67.5238037109375,68.38099670410156,122191.0
2019-03-25,61.427860260009766,67.04759979248047,67.23809814453125,66.76190185546875,67.23809814453125,73875.0
2019-03-26,62.21321105957031,67.90480041503906,68.28569793701172,67.42859649658203,67.71430206298828,160702.0
2019-03-27,61.95137023925781,67.61900329589844,68.0,67.42859649658203,68.0,55657.0
2019-03-28,63.173004150390625,68.95240020751953,69.5238037109375,68.09519958496094,68.19049835205078,253464.0
2019-03-29,63.78373336791992,69.61900329589844,70.09519958496094,69.33329772949219,69.42859649658203,232058.0
2019-04-01,63.95826721191406,69.80950164794922,70.28569793701172,69.61900329589844,70.0,264842.0
2019-04-02,63.87104415893555,69.71430206298828,70.19049835205078,69.71430206298828,70.19049835205078,155625.0
2019-04-03,64.04557800292969,69.90480041503906,70.0,69.61900329589844,69.90480041503906,128127.0
2019-04-08,64.22001647949219,70.09519958496094,70.19049835205078,69.90480041503906,69.90480041503906,111329.0
2019-04-09,65.09259033203125,71.04759979248047,71.5238037109375,69.90480041503906,70.09519958496094,261660.0
2019-04-10,65.09259033203125,71.04759979248047,71.61900329589844,70.85710144042969,71.04759979248047,115518.0
2019-04-11,62.38765335083008,68.09519958496094,70.4761962890625,67.90480041503906,70.4761962890625,393744.0
2019-04-12,62.64949417114258,68.38099670410156,68.57140350341797,67.80950164794922,68.4761962890625,99753.0
2019-04-15,64.04557800292969,69.90480041503906,70.09519958496094,69.14289855957031,70.0,200001.0
2019-04-16,66.40144348144531,72.4761962890625,72.85710144042969,70.76190185546875,70.76190185546875,575715.0
2019-04-17,70.67699432373047,77.14289855957031,78.09519958496094,72.95240020751953,72.95240020751953,702072.0
2019-04-18,68.49556732177734,74.76190185546875,76.76190185546875,73.80950164794922,76.66670227050781,492706.0
2019-04-19,69.28083038330078,75.61900329589844,76.66670227050781,74.0,74.95240020751953,221843.0
2019-04-22,68.84463500976562,75.14289855957031,76.66670227050781,74.66670227050781,76.66670227050781,199017.0
2019-04-23,68.32103729248047,74.57140350341797,75.71430206298828,73.80950164794922,75.71430206298828,109308.0
2019-04-24,67.79753112792969,74.0,74.66670227050781,73.80950164794922,74.09519958496094,102952.0
2019-04-25,68.05928039550781,74.28569793701172,74.4761962890625,73.42859649658203,73.42859649658203,106208.0
2019-04-26,67.62299346923828,73.80950164794922,74.66670227050781,73.61900329589844,74.57140350341797,120750.0
2019-04-29,65.61609649658203,71.61900329589844,73.80950164794922,71.42859649658203,73.80950164794922,246495.0
2019-04-30,66.22691345214844,72.28569793701172,72.28569793701172,71.04759979248047,72.19049835205078,86100.0
2019-05-02,66.05238342285156,72.09519958496094,72.76190185546875,71.42859649658203,71.42859649658203,44205.0
2019-05-03,66.66320037841797,72.76190185546875,72.76190185546875,71.80950164794922,72.38099670410156,67349.0
2019-05-06,65.61609649658203,71.61900329589844,73.42859649658203,71.42859649658203,73.33329772949219,90832.0
2019-05-07,65.09259033203125,71.04759979248047,72.28569793701172,70.95240020751953,72.19049835205078,182798.0
2019-05-08,64.74362182617188,70.66670227050781,70.85710144042969,69.5238037109375,70.76190185546875,115645.0
2019-05-09,62.82394027709961,68.57140350341797,70.66670227050781,68.4761962890625,70.66670227050781,177450.0
2019-05-10,62.56218338012695,68.28569793701172,69.61900329589844,68.0,68.85710144042969,105032.0
2019-05-13,56.977867126464844,62.19049835205078,63.61899948120117,61.523799896240234,62.5713996887207,628719.0
2019-05-14,57.58859634399414,62.85710144042969,62.85710144042969,60.0,61.523799896240234,99750.0
2019-05-15,58.4611701965332,63.80950164794922,64.09519958496094,62.66669845581055,62.66669845581055,87150.0
2019-05-16,56.8033332824707,62.0,63.80950164794922,61.90480041503906,63.80950164794922,127050.0
2019-05-17,56.89055633544922,62.09519958496094,62.76190185546875,61.04759979248047,62.09519958496094,91350.0
2019-05-20,56.89055633544922,62.09519958496094,64.57140350341797,61.61899948120117,61.714298248291016,86731.0
2019-05-21,57.414154052734375,62.66669845581055,62.85710144042969,61.523799896240234,61.714298248291016,38851.0
2019-05-22,57.06509017944336,62.285701751708984,63.714298248291016,62.285701751708984,63.714298248291016,62030.0
2019-05-23,56.45426940917969,61.61899948120117,62.285701751708984,60.09519958496094,62.285701751708984,88336.0
2019-05-24,56.36704635620117,61.523799896240234,61.90480041503906,60.66669845581055,60.95240020751953,26408.0
2019-05-27,55.669010162353516,60.76190185546875,61.4286003112793,60.66669845581055,61.4286003112793,31605.0
2019-05-28,55.84354019165039,60.95240020751953,60.95240020751953,60.66669845581055,60.66669845581055,25200.0
2019-05-29,56.10529327392578,61.23809814453125,61.23809814453125,60.85710144042969,61.04759979248047,26250.0
2019-05-30,56.27982711791992,61.4286003112793,61.523799896240234,60.95240020751953,61.4286003112793,35805.0
2019-05-31,57.239620208740234,62.476200103759766,62.85710144042969,61.714298248291016,61.714298248291016,58801.0
2019-06-03,56.977867126464844,62.19049835205078,62.5713996887207,61.90480041503906,62.476200103759766,18900.0
2019-06-04,56.71611404418945,61.90480041503906,62.38100051879883,61.523799896240234,61.523799896240234,39414.0
2019-06-05,56.8033332824707,62.0,62.09519958496094,61.90480041503906,62.0,25200.0
2019-06-06,56.45426940917969,61.61899948120117,61.90480041503906,60.95240020751953,61.04759979248047,25200.0
2019-06-10,56.71611404418945,61.90480041503906,63.04759979248047,61.61899948120117,61.61899948120117,8400.0
2019-06-11,54.36015319824219,59.33330154418945,60.0,58.66669845581055,59.04759979248047,190035.0
2019-06-12,54.62190246582031,59.61899948120117,59.90480041503906,59.04759979248047,59.33330154418945,52936.0
2019-06-13,54.62190246582031,59.61899948120117,59.90480041503906,59.14289855957031,59.61899948120117,26725.0
2019-06-14,54.272926330566406,59.23809814453125,59.523799896240234,59.14289855957031,59.33330154418945,18061.0
2019-06-17,54.09839630126953,59.04759979248047,59.33330154418945,58.66669845581055,59.04759979248047,52710.0
2019-06-18,54.185707092285156,59.14289855957031,59.523799896240234,58.76190185546875,58.76190185546875,11487.0
2019-06-19,54.62190246582031,59.61899948120117,59.61899948120117,59.33330154418945,59.33330154418945,31500.0
2019-06-20,55.84354019165039,60.95240020751953,61.33330154418945,59.714298248291016,59.714298248291016,28456.0
2019-06-21,55.494476318359375,60.5713996887207,61.04759979248047,60.19049835205078,60.19049835205078,23100.0
2019-06-24,55.756229400634766,60.85710144042969,61.04759979248047,60.85710144042969,60.95240020751953,11971.0
2019-06-25,55.494476318359375,60.5713996887207,60.5713996887207,60.285701751708984,60.5713996887207,23100.0
2019-06-26,55.669010162353516,60.76190185546875,61.23809814453125,60.5713996887207,60.5713996887207,28360.0
2019-06-27,56.977867126464844,62.19049835205078,62.285701751708984,60.76190185546875,60.76190185546875,59628.0
2019-06-28,57.58859634399414,62.85710144042969,62.85710144042969,62.19049835205078,62.19049835205078,70350.0
2019-07-01,58.4611701965332,63.80950164794922,64.66670227050781,63.23809814453125,64.19049835205078,50775.0
2019-07-02,58.19941329956055,63.523799896240234,63.714298248291016,62.85710144042969,63.714298248291016,35910.0
2019-07-03,58.89745330810547,64.28569793701172,64.38099670410156,63.523799896240234,63.714298248291016,72450.0
2019-07-04,59.333740234375,64.76190185546875,65.14289855957031,64.28569793701172,64.66670227050781,69300.0
2019-07-05,59.50827407836914,64.95240020751953,65.14289855957031,64.57140350341797,64.66670227050781,49350.0
2019-07-08,59.944557189941406,65.42859649658203,65.71430206298828,64.95240020751953,64.95240020751953,57750.0
2019-07-09,59.770023345947266,65.23809814453125,65.5238037109375,64.76190185546875,65.42859649658203,55650.0
2019-07-10,59.682804107666016,65.14289855957031,65.5238037109375,64.85710144042969,65.23809814453125,75600.0
2019-07-11,59.333740234375,64.76190185546875,65.04759979248047,64.0,64.85710144042969,163981.0
2019-07-12,60.11900329589844,65.61900329589844,66.0,64.76190185546875,64.76190185546875,305378.0
2019-07-15,61.29999923706055,61.29999923706055,61.79999923706055,60.5,60.5,153107.0
2019-07-16,61.099998474121094,61.099998474121094,61.900001525878906,61.0,61.599998474121094,89150.0
2019-07-17,60.29999923706055,60.29999923706055,60.79999923706055,60.29999923706055,60.79999923706055,45000.0
2019-07-18,60.400001525878906,60.400001525878906,60.70000076293945,60.29999923706055,60.29999923706055,32000.0
2019-07-19,61.0,61.0,61.20000076293945,60.29999923706055,60.5,65000.0
2019-07-22,61.20000076293945,61.20000076293945,61.5,61.0,61.5,26125.0
2019-07-23,61.20000076293945,61.20000076293945,61.5,61.20000076293945,61.5,43400.0
2019-07-24,61.20000076293945,61.20000076293945,61.5,61.0,61.20000076293945,24255.0
2019-07-25,61.20000076293945,61.20000076293945,61.5,60.599998474121094,61.20000076293945,19115.0
2019-07-26,61.0,61.0,61.20000076293945,60.79999923706055,61.099998474121094,30000.0
2019-07-29,61.0,61.0,61.0,60.5,61.0,32000.0
2019-07-30,61.0,61.0,61.20000076293945,60.599998474121094,61.20000076293945,9000.0
2019-07-31,60.599998474121094,60.599998474121094,61.0,60.5,61.0,51000.0
2019-08-01,60.5,60.5,60.5,60.29999923706055,60.29999923706055,9000.0
2019-08-02,60.599998474121094,60.599998474121094,60.70000076293945,59.900001525878906,60.29999923706055,54500.0
2019-08-05,59.599998474121094,59.599998474121094,60.099998474121094,58.5,60.099998474121094,31000.0
2019-08-06,59.900001525878906,59.900001525878906,59.900001525878906,56.20000076293945,56.20000076293945,34000.0
2019-08-07,59.400001525878906,59.400001525878906,59.900001525878906,57.400001525878906,59.900001525878906,12005.0
2019-08-08,59.0,59.0,59.400001525878906,57.70000076293945,59.400001525878906,20406.0
2019-08-12,55.5,55.5,55.900001525878906,55.29999923706055,55.29999923706055,78644.0
2019-08-13,50.099998474121094,50.099998474121094,54.599998474121094,49.95000076293945,54.599998474121094,282400.0
2019-08-14,50.400001525878906,50.400001525878906,50.79999923706055,49.5,50.0,124000.0
2019-08-15,50.0,50.0,50.0,49.0,49.5,47150.0
2019-08-16,49.29999923706055,49.29999923706055,49.95000076293945,47.900001525878906,47.900001525878906,80313.0
2019-08-19,49.5,49.5,49.900001525878906,49.0,49.0,45302.0
2019-08-20,49.900001525878906,49.900001525878906,50.5,49.599998474121094,49.599998474121094,26900.0
2019-08-21,50.20000076293945,50.20000076293945,50.400001525878906,50.0,50.099998474121094,23207.0
2019-08-22,50.400001525878906,50.400001525878906,50.900001525878906,50.099998474121094,50.099998474121094,35862.0
2019-08-23,50.0,50.0,50.0,49.79999923706055,50.0,37420.0
2019-08-26,49.900001525878906,49.900001525878906,50.0,49.70000076293945,50.0,12102.0
2019-08-27,50.099998474121094,50.099998474121094,50.70000076293945,49.95000076293945,50.0,70829.0
2019-08-28,50.0,50.0,51.0,50.0,50.599998474121094,41101.0
2019-08-29,49.70000076293945,49.70000076293945,50.20000076293945,49.70000076293945,50.0,46551.0
2019-08-30,50.5,50.5,51.20000076293945,50.20000076293945,50.20000076293945,9201.0
2019-09-02,50.70000076293945,50.70000076293945,50.70000076293945,50.400001525878906,50.5,15150.0
2019-09-03,50.5,50.5,50.599998474121094,50.5,50.5,7971.0
2019-09-04,50.5,50.5,50.599998474121094,50.0,50.099998474121094,7200.0
2019-09-05,49.95000076293945,49.95000076293945,50.099998474121094,49.95000076293945,50.099998474121094,27257.0
2019-09-06,50.0,50.0,50.5,49.5,50.0,44292.0
2019-09-10,50.0,50.0,50.0,49.5,49.599998474121094,19450.0
2019-09-11,49.95000076293945,49.95000076293945,50.29999923706055,49.70000076293945,50.29999923706055,40105.0
2019-09-12,49.70000076293945,49.70000076293945,49.95000076293945,49.70000076293945,49.95000076293945,20710.0
2019-09-16,50.20000076293945,50.20000076293945,50.5,49.70000076293945,50.5,56750.0
2019-09-17,49.95000076293945,49.95000076293945,50.20000076293945,49.95000076293945,50.20000076293945,32922.0
2019-09-18,50.0,50.0,50.29999923706055,49.5,50.0,61700.0
2019-09-19,50.0,50.0,50.20000076293945,50.0,50.0,8145.0
2019-09-20,53.0,53.0,53.79999923706055,50.099998474121094,50.599998474121094,76118.0
2019-09-23,53.599998474121094,53.599998474121094,56.0,53.599998474121094,53.79999923706055,94370.0
2019-09-24,53.099998474121094,53.099998474121094,54.900001525878906,53.099998474121094,54.900001525878906,17400.0
2019-09-25,51.70000076293945,51.70000076293945,52.70000076293945,51.70000076293945,52.599998474121094,57025.0
2019-09-26,51.29999923706055,51.29999923706055,52.79999923706055,50.900001525878906,52.79999923706055,39300.0
2019-09-27,51.70000076293945,51.70000076293945,51.79999923706055,50.0,51.79999923706055,40100.0
2019-10-01,52.0,52.0,53.0,51.599998474121094,51.599998474121094,23051.0
2019-10-02,51.29999923706055,51.29999923706055,52.29999923706055,51.29999923706055,52.29999923706055,7310.0
2019-10-03,51.5,51.5,51.5,50.5,51.099998474121094,15771.0
2019-10-04,51.900001525878906,51.900001525878906,52.5,51.0,52.400001525878906,16100.0
2019-10-07,51.79999923706055,51.79999923706055,51.900001525878906,51.79999923706055,51.900001525878906,11100.0
2019-10-08,52.0,52.0,52.0,51.79999923706055,51.79999923706055,24315.0
2019-10-09,52.099998474121094,52.099998474121094,52.400001525878906,51.5,52.0,21824.0
2019-10-14,51.900001525878906,51.900001525878906,52.0,50.20000076293945,50.20000076293945,38499.0
2019-10-15,51.79999923706055,51.79999923706055,52.70000076293945,51.79999923706055,52.70000076293945,16083.0
2019-10-16,50.900001525878906,50.900001525878906,51.900001525878906,50.900001525878906,51.900001525878906,8950.0
2019-10-17,51.20000076293945,51.20000076293945,51.5,50.79999923706055,50.900001525878906,28600.0
2019-10-18,51.5,51.5,51.5,51.5,51.5,1000.0
2019-10-21,51.5,51.5,51.5,50.70000076293945,50.79999923706055,13100.0
2019-10-22,50.70000076293945,50.70000076293945,52.0,50.599998474121094,52.0,20875.0
2019-10-23,50.900001525878906,50.900001525878906,51.400001525878906,50.70000076293945,51.400001525878906,10715.0
2019-10-24,52.0,52.0,52.0,50.599998474121094,51.0,22185.0
2019-10-25,52.20000076293945,52.20000076293945,52.29999923706055,51.599998474121094,52.0,41500.0
2019-10-28,52.29999923706055,52.29999923706055,52.70000076293945,51.5,52.70000076293945,25000.0
2019-10-29,52.0,52.0,52.0,51.5,51.599998474121094,8102.0
2019-10-30,52.0,52.0,52.5,51.70000076293945,52.5,39751.0
2019-10-31,51.599998474121094,51.599998474121094,52.29999923706055,51.599998474121094,52.29999923706055,19415.0
2019-11-01,51.599998474121094,51.599998474121094,52.29999923706055,51.599998474121094,52.29999923706055,12100.0
2019-11-04,51.20000076293945,51.20000076293945,51.5,51.099998474121094,51.5,9000.0
2019-11-05,50.70000076293945,50.70000076293945,51.099998474121094,50.5,50.900001525878906,17000.0
2019-11-06,50.29999923706055,50.29999923706055,50.79999923706055,50.0,50.20000076293945,44000.0
2019-11-07,50.29999923706055,50.29999923706055,50.29999923706055,49.599998474121094,49.599998474121094,12000.0
2019-11-08,51.0,51.0,51.29999923706055,50.599998474121094,50.599998474121094,35150.0
2019-11-11,51.0,51.0,51.29999923706055,51.0,51.0,44000.0
2019-11-12,51.099998474121094,51.099998474121094,51.20000076293945,51.099998474121094,51.099998474121094,15000.0
2019-11-13,51.20000076293945,51.20000076293945,51.29999923706055,51.0,51.0,48000.0
2019-11-14,51.20000076293945,51.20000076293945,51.400001525878906,51.20000076293945,51.29999923706055,36000.0
2019-11-15,51.20000076293945,51.20000076293945,51.400001525878906,51.20000076293945,51.29999923706055,15550.0
2019-11-18,51.20000076293945,51.20000076293945,52.5,51.20000076293945,51.900001525878906,15000.0
2019-11-19,51.20000076293945,51.20000076293945,52.5,51.20000076293945,51.900001525878906,15000.0
2019-11-20,51.29999923706055,51.29999923706055,51.29999923706055,50.0,51.20000076293945,34000.0
2019-11-21,51.29999923706055,51.29999923706055,51.29999923706055,51.0,51.099998474121094,105000.0
2019-11-22,51.599998474121094,51.599998474121094,51.599998474121094,51.20000076293945,51.29999923706055,16000.0
2019-11-25,52.29999923706055,52.29999923706055,52.5,51.79999923706055,51.79999923706055,1700
2019-11-26,52.29999923706055,52.29999923706055,52.5,51.79999923706055,51.79999923706055,1700
2019-11-27,52.0,52.0,52.20000076293945,52.0,52.0,1200
2019-11-28,51.79999923706055,51.79999923706055,52.0,51.29999923706055,51.70000076293945,2200
2019-11-29,52,52,52,51.29999923706055,51.29999923706055,1400
2019-12-02,52,52,52.400001525878906,51.900001525878906,52,1900
2019-12-03,52.5,52.5,52.79999923706055,52.099998474121094,52.099998474121094,3900
2019-12-04,53.400001525878906,53.400001525878906,53.5,53.099998474121094,53.5,2100
2019-12-05,54,54,54,53.099998474121094,54,2400
2019-12-06,54.29999923706055,54.29999923706055,54.29999923706055,53.400001525878906,53.5,1000
2019-12-09,54.29999923706055,54.29999923706055,54.900001525878906,54.29999923706055,54.900001525878906,4700
2019-12-10,54.599998474121094,54.599998474121094,54.599998474121094,54.5,54.599998474121094,1600
2019-12-11,55,55,55,54.599998474121094,54.599998474121094,2700
2019-12-12,55,55,55.29999923706055,55,55.20000076293945,4800
2019-12-13,54.79999923706055,54.79999923706055,55.20000076293945,54.79999923706055,55,2700
2019-12-16,54.79999923706055,54.79999923706055,55.099998474121094,54.79999923706055,54.900001525878906,3700
2019-12-17,55,55,55,54.70000076293945,54.900001525878906,4600
